"Województwo","population_size","land_sizesqKM","urbanization_level"
"DOLNOSLASKIE",2901225,19947,69.4
"KUJAWSKO-POMORSKIE",2077775,17972,61.1
"LODZKIE",2466322,18219,63.8
"LUBELSKIE",2117619,25122,46.5
"LUBUSKIE",1014548,13988,63.5
"MALOPOLSKIE",3400577,15183,49.4
"MAZOWIECKIE",5403412,35558,64.7
"OPOLSKIE",986506,9412,63.5
"PODKARPACKIE",2129015,17846,41.56
"PODLASKIE",1181533,20187,60.32
"POMORSKIE",2333523,18321,65
"SLASKIE",4533565,12333,77.6
"SWIETOKRZYSKIE",1241546,11711,44.8
"WARMINSKO-MAZURSKIE",1428983,24173,59.33
"WIELKOPOLSKIE",3493969,29826,55.2
"ZACHODNIOPOMORSKIE",1701030,22897,68.9
